Column,Missing count,Missing percentage
plot,0,0.0
tree_no,0,0.0
species,0,0.0
d1,0,0.0
d2,0,0.0
dbh,0,0.0
age,3231,89.70016657412549
height,2806,77.9011660188784
angle,0,0.0
comment,3329,92.42087729039422
geometry,0,0.0
